epoch,train_loss,val_loss,val_acc,lr
1,0.0240,0.0000,1.0000,0.001000
2,0.0079,0.0002,1.0000,0.001000
3,0.0072,0.0000,1.0000,0.001000
4,0.0002,0.0000,1.0000,0.001000
5,0.0002,0.0000,1.0000,0.001000
6,0.0000,0.0000,1.0000,0.001000
